{"cameraMode":{"drawMode":0,"name":"Shaded","section":"Shading Mode"},"sceneLighting":false,"audioPlay":false,"sceneViewState":{"showFog":true,"showMaterialUpdate":false,"showSkybox":true,"showFlares":true,"showImageEffects":true,"showParticleSystems":true},"in2DMode":false,"pivot":{"x":86.00248718261719,"y":353.890869140625,"z":-3.6502685546875},"rotation":{"x":-0.011645709164440632,"y":0.08688012510538101,"z":0.0010158137883991004,"w":0.9961502552032471},"size":1248.6304931640625,"orthographic":false}