{"cameraMode":{"drawMode":0,"name":"Shaded","section":"Shading Mode"},"sceneLighting":false,"audioPlay":false,"sceneViewState":{"showFog":true,"showMaterialUpdate":false,"showSkybox":true,"showFlares":true,"showImageEffects":true,"showParticleSystems":true},"in2DMode":false,"pivot":{"x":44.9217529296875,"y":413.7521667480469,"z":0.0},"rotation":{"x":-0.03559399023652077,"y":0.07039251178503037,"z":0.002513512270525098,"w":0.9968810081481934},"size":416.2294616699219,"orthographic":false}